Track Name,Album Name,Release Date,Number of Streams,Duration (min:sec)
Intro - Live,Live At SoFi Stadium,2023-03-03,N/A,1:35
Alone Again - Live,Live At SoFi Stadium,2023-03-03,N/A,2:47
Gasoline - Live,Live At SoFi Stadium,2023-03-03,N/A,3:15
Sacrifice - Live,Live At SoFi Stadium,2023-03-03,N/A,4:23
How Do I Make You Love Me? - Live,Live At SoFi Stadium,2023-03-03,N/A,3:29
Can't Feel My Face - Live,Live At SoFi Stadium,2023-03-03,N/A,3:03
Take My Breath - Live,Live At SoFi Stadium,2023-03-03,N/A,3:55
Hurricane - Live,Live At SoFi Stadium,2023-03-03,N/A,2:07
The Hills - Live,Live At SoFi Stadium,2023-03-03,N/A,3:05
Often - Live,Live At SoFi Stadium,2023-03-03,N/A,2:28
Crew Love - Live,Live At SoFi Stadium,2023-03-03,N/A,1:53
Starboy - Live,Live At SoFi Stadium,2023-03-03,N/A,4:05
Heartless - Live,Live At SoFi Stadium,2023-03-03,N/A,2:04
Low Life - Live,Live At SoFi Stadium,2023-03-03,N/A,1:47
Or Nah - Live,Live At SoFi Stadium,2023-03-03,N/A,1:41
Kiss Land - Live,Live At SoFi Stadium,2023-03-03,N/A,1:50
Party Monster - Live,Live At SoFi Stadium,2023-03-03,N/A,3:09
Faith - Live,Live At SoFi Stadium,2023-03-03,N/A,3:05
After Hours - Live,Live At SoFi Stadium,2023-03-03,N/A,4:27
Out of Time - Live,Live At SoFi Stadium,2023-03-03,N/A,3:20
I Feel It Coming - Live,Live At SoFi Stadium,2023-03-03,N/A,3:54
Die For You - Live,Live At SoFi Stadium,2023-03-03,N/A,3:13
Is There Someone Else? - Live,Live At SoFi Stadium,2023-03-03,N/A,3:57
I Was Never There - Live,Live At SoFi Stadium,2023-03-03,N/A,2:17
Wicked Games - Live,Live At SoFi Stadium,2023-03-03,N/A,2:23
Call Out My Name - Live,Live At SoFi Stadium,2023-03-03,N/A,4:02
The Morning - Live,Live At SoFi Stadium,2023-03-03,N/A,3:19
Save Your Tears - Live,Live At SoFi Stadium,2023-03-03,N/A,2:58
Less Than Zero - Live,Live At SoFi Stadium,2023-03-03,N/A,4:04
Blinding Lights - Live,Live At SoFi Stadium,2023-03-03,N/A,4:13
Outro - Live,Live At SoFi Stadium,2023-03-03,N/A,3:19
Intro - Live,Live At SoFi Stadium,2023-03-03,N/A,1:35
Alone Again - Live,Live At SoFi Stadium,2023-03-03,N/A,2:47
Gasoline - Live,Live At SoFi Stadium,2023-03-03,N/A,3:15
Sacrifice - Live,Live At SoFi Stadium,2023-03-03,N/A,4:23
How Do I Make You Love Me? - Live,Live At SoFi Stadium,2023-03-03,N/A,3:29
Can't Feel My Face - Live,Live At SoFi Stadium,2023-03-03,N/A,3:03
Take My Breath - Live,Live At SoFi Stadium,2023-03-03,N/A,3:55
Hurricane - Live,Live At SoFi Stadium,2023-03-03,N/A,2:07
The Hills - Live,Live At SoFi Stadium,2023-03-03,N/A,3:05
Often - Live,Live At SoFi Stadium,2023-03-03,N/A,2:28
Crew Love - Live,Live At SoFi Stadium,2023-03-03,N/A,1:53
Starboy - Live,Live At SoFi Stadium,2023-03-03,N/A,4:05
Heartless - Live,Live At SoFi Stadium,2023-03-03,N/A,2:04
Low Life - Live,Live At SoFi Stadium,2023-03-03,N/A,1:47
Or Nah - Live,Live At SoFi Stadium,2023-03-03,N/A,1:41
Kiss Land - Live,Live At SoFi Stadium,2023-03-03,N/A,1:50
Party Monster - Live,Live At SoFi Stadium,2023-03-03,N/A,3:09
Faith - Live,Live At SoFi Stadium,2023-03-03,N/A,3:05
After Hours - Live,Live At SoFi Stadium,2023-03-03,N/A,4:27
Out of Time - Live,Live At SoFi Stadium,2023-03-03,N/A,3:20
I Feel It Coming - Live,Live At SoFi Stadium,2023-03-03,N/A,3:54
Die For You - Live,Live At SoFi Stadium,2023-03-03,N/A,3:13
Is There Someone Else? - Live,Live At SoFi Stadium,2023-03-03,N/A,3:57
I Was Never There - Live,Live At SoFi Stadium,2023-03-03,N/A,2:17
Wicked Games - Live,Live At SoFi Stadium,2023-03-03,N/A,2:23
Call Out My Name - Live,Live At SoFi Stadium,2023-03-03,N/A,4:02
The Morning - Live,Live At SoFi Stadium,2023-03-03,N/A,3:19
Save Your Tears - Live,Live At SoFi Stadium,2023-03-03,N/A,2:58
Less Than Zero - Live,Live At SoFi Stadium,2023-03-03,N/A,4:04
Blinding Lights - Live,Live At SoFi Stadium,2023-03-03,N/A,4:13
Outro - Live,Live At SoFi Stadium,2023-03-03,N/A,3:19
Intro - Live,Live At SoFi Stadium,2023-03-03,N/A,1:35
Alone Again - Live,Live At SoFi Stadium,2023-03-03,N/A,2:47
Gasoline - Live,Live At SoFi Stadium,2023-03-03,N/A,3:15
Sacrifice - Live,Live At SoFi Stadium,2023-03-03,N/A,4:23
How Do I Make You Love Me? - Live,Live At SoFi Stadium,2023-03-03,N/A,3:29
Can't Feel My Face - Live,Live At SoFi Stadium,2023-03-03,N/A,3:03
Take My Breath - Live,Live At SoFi Stadium,2023-03-03,N/A,3:55
Hurricane - Live,Live At SoFi Stadium,2023-03-03,N/A,2:07
The Hills - Live,Live At SoFi Stadium,2023-03-03,N/A,3:05
Often - Live,Live At SoFi Stadium,2023-03-03,N/A,2:28
Crew Love - Live,Live At SoFi Stadium,2023-03-03,N/A,1:53
Starboy - Live,Live At SoFi Stadium,2023-03-03,N/A,4:05
Heartless - Live,Live At SoFi Stadium,2023-03-03,N/A,2:04
Low Life - Live,Live At SoFi Stadium,2023-03-03,N/A,1:47
Or Nah - Live,Live At SoFi Stadium,2023-03-03,N/A,1:41
Kiss Land - Live,Live At SoFi Stadium,2023-03-03,N/A,1:50
Party Monster - Live,Live At SoFi Stadium,2023-03-03,N/A,3:09
Faith - Live,Live At SoFi Stadium,2023-03-03,N/A,3:05
After Hours - Live,Live At SoFi Stadium,2023-03-03,N/A,4:27
Out of Time - Live,Live At SoFi Stadium,2023-03-03,N/A,3:20
I Feel It Coming - Live,Live At SoFi Stadium,2023-03-03,N/A,3:54
Die For You - Live,Live At SoFi Stadium,2023-03-03,N/A,3:13
Is There Someone Else? - Live,Live At SoFi Stadium,2023-03-03,N/A,3:57
I Was Never There - Live,Live At SoFi Stadium,2023-03-03,N/A,2:17
Wicked Games - Live,Live At SoFi Stadium,2023-03-03,N/A,2:23
Call Out My Name - Live,Live At SoFi Stadium,2023-03-03,N/A,4:02
The Morning - Live,Live At SoFi Stadium,2023-03-03,N/A,3:19
Save Your Tears - Live,Live At SoFi Stadium,2023-03-03,N/A,2:58
Less Than Zero - Live,Live At SoFi Stadium,2023-03-03,N/A,4:04
Blinding Lights - Live,Live At SoFi Stadium,2023-03-03,N/A,4:13
Outro - Live,Live At SoFi Stadium,2023-03-03,N/A,3:19
Nothing Is Lost (You Give Me Strength),Avatar: The Way of Water (Original Motion Picture Soundtrack),2022-12-15,N/A,4:27
Into the Water,Avatar: The Way of Water (Original Motion Picture Soundtrack),2022-12-15,N/A,3:40
Happiness Is Simple,Avatar: The Way of Water (Original Motion Picture Soundtrack),2022-12-15,N/A,2:22
A New Star,Avatar: The Way of Water (Original Motion Picture Soundtrack),2022-12-15,N/A,2:56
Converging Paths,Avatar: The Way of Water (Original Motion Picture Soundtrack),2022-12-15,N/A,1:45
Rescue and Loss,Avatar: The Way of Water (Original Motion Picture Soundtrack),2022-12-15,N/A,6:39
Family Is Our Fortress,Avatar: The Way of Water (Original Motion Picture Soundtrack),2022-12-15,N/A,3:06
Leaving Home,Avatar: The Way of Water (Original Motion Picture Soundtrack),2022-12-15,N/A,3:27
The Way of Water,Avatar: The Way of Water (Original Motion Picture Soundtrack),2022-12-15,N/A,2:30
Payakan,Avatar: The Way of Water (Original Motion Picture Soundtrack),2022-12-15,N/A,3:30
Mighty Eywa,Avatar: The Way of Water (Original Motion Picture Soundtrack),2022-12-15,N/A,4:12
Friends,Avatar: The Way of Water (Original Motion Picture Soundtrack),2022-12-15,N/A,1:47
Cove of the Ancestors,Avatar: The Way of Water (Original Motion Picture Soundtrack),2022-12-15,N/A,2:46
The Tulkun Return,Avatar: The Way of Water (Original Motion Picture Soundtrack),2022-12-15,N/A,2:51
The Hunt,Avatar: The Way of Water (Original Motion Picture Soundtrack),2022-12-15,N/A,5:47
Na'vi Attack,Avatar: The Way of Water (Original Motion Picture Soundtrack),2022-12-15,N/A,4:43
Eclipse,Avatar: The Way of Water (Original Motion Picture Soundtrack),2022-12-15,N/A,3:12
Bad Parents,Avatar: The Way of Water (Original Motion Picture Soundtrack),2022-12-15,N/A,3:23
Knife Fight,Avatar: The Way of Water (Original Motion Picture Soundtrack),2022-12-15,N/A,2:47
From Darkness to Light,Avatar: The Way of Water (Original Motion Picture Soundtrack),2022-12-15,N/A,4:14
The Spirit Tree,Avatar: The Way of Water (Original Motion Picture Soundtrack),2022-12-15,N/A,2:57
The Songcord,Avatar: The Way of Water (Original Motion Picture Soundtrack),2022-12-15,N/A,3:19
Dawn FM,Dawn FM (Alternate World),2022-01-07,N/A,1:36
Gasoline,Dawn FM (Alternate World),2022-01-07,N/A,3:32
How Do I Make You Love Me?,Dawn FM (Alternate World),2022-01-07,N/A,3:34
Take My Breath,Dawn FM (Alternate World),2022-01-07,N/A,5:39
Sacrifice,Dawn FM (Alternate World),2022-01-07,N/A,3:08
A Tale By Quincy,Dawn FM (Alternate World),2022-01-07,N/A,1:36
Out of Time,Dawn FM (Alternate World),2022-01-07,N/A,3:34
"Here We Go… Again (feat. Tyler, the Creator)",Dawn FM (Alternate World),2022-01-07,N/A,3:29
Best Friends,Dawn FM (Alternate World),2022-01-07,N/A,2:43
Is There Someone Else?,Dawn FM (Alternate World),2022-01-07,N/A,3:19
Starry Eyes,Dawn FM (Alternate World),2022-01-07,N/A,2:28
Every Angel is Terrifying,Dawn FM (Alternate World),2022-01-07,N/A,2:47
Don’t Break My Heart,Dawn FM (Alternate World),2022-01-07,N/A,3:25
I Heard You're Married (feat. Lil Wayne),Dawn FM (Alternate World),2022-01-07,N/A,4:23
Less Than Zero,Dawn FM (Alternate World),2022-01-07,N/A,3:31
Phantom Regret by Jim,Dawn FM (Alternate World),2022-01-07,N/A,2:59
Moth To A Flame (with The Weeknd),Dawn FM (Alternate World),2022-01-07,N/A,3:54
Dawn FM - OPN Remix,Dawn FM (Alternate World),2022-01-07,N/A,3:03
How Do I Make You Love Me? - Sebastian Ingrosso & Salvatore Ganacci Remix,Dawn FM (Alternate World),2022-01-07,N/A,3:37
Sacrifice (Remix) (feat. Swedish House Mafia),Dawn FM (Alternate World),2022-01-07,N/A,3:58
Out of Time - KAYTRANADA Remix,Dawn FM (Alternate World),2022-01-07,N/A,4:35
Best Friends - Remix,Dawn FM (Alternate World),2022-01-07,N/A,2:55
Starry Eyes - MIKE DEAN Remix,Dawn FM (Alternate World),2022-01-07,N/A,3:18
Take My Breath - Single Version,Dawn FM (Alternate World),2022-01-07,N/A,3:40
Dawn FM,Dawn FM (Alternate World),2022-01-07,N/A,1:36
Gasoline,Dawn FM (Alternate World),2022-01-07,N/A,3:32
How Do I Make You Love Me?,Dawn FM (Alternate World),2022-01-07,N/A,3:34
Take My Breath,Dawn FM (Alternate World),2022-01-07,N/A,5:39
Sacrifice,Dawn FM (Alternate World),2022-01-07,N/A,3:08
A Tale By Quincy,Dawn FM (Alternate World),2022-01-07,N/A,1:36
Out of Time,Dawn FM (Alternate World),2022-01-07,N/A,3:34
"Here We Go… Again (feat. Tyler, the Creator)",Dawn FM (Alternate World),2022-01-07,N/A,3:29
Best Friends,Dawn FM (Alternate World),2022-01-07,N/A,2:43
Is There Someone Else?,Dawn FM (Alternate World),2022-01-07,N/A,3:19
Starry Eyes,Dawn FM (Alternate World),2022-01-07,N/A,2:28
Every Angel is Terrifying,Dawn FM (Alternate World),2022-01-07,N/A,2:47
Don’t Break My Heart,Dawn FM (Alternate World),2022-01-07,N/A,3:25
I Heard You're Married (feat. Lil Wayne),Dawn FM (Alternate World),2022-01-07,N/A,4:23
Less Than Zero,Dawn FM (Alternate World),2022-01-07,N/A,3:31
Phantom Regret by Jim,Dawn FM (Alternate World),2022-01-07,N/A,2:59
Moth To A Flame (with The Weeknd),Dawn FM (Alternate World),2022-01-07,N/A,3:54
Sacrifice (Remix) (feat. Swedish House Mafia),Dawn FM (Alternate World),2022-01-07,N/A,3:58
Out of Time - KAYTRANADA Remix,Dawn FM (Alternate World),2022-01-07,N/A,4:35
Take My Breath - Single Version,Dawn FM (Alternate World),2022-01-07,N/A,3:40
Dawn FM,Dawn FM (Alternate World),2022-01-07,N/A,1:36
Gasoline,Dawn FM (Alternate World),2022-01-07,N/A,3:32
How Do I Make You Love Me?,Dawn FM (Alternate World),2022-01-07,N/A,3:34
Take My Breath,Dawn FM (Alternate World),2022-01-07,N/A,5:39
Sacrifice,Dawn FM (Alternate World),2022-01-07,N/A,3:08
A Tale By Quincy,Dawn FM (Alternate World),2022-01-07,N/A,1:36
Out of Time,Dawn FM (Alternate World),2022-01-07,N/A,3:34
"Here We Go… Again (feat. Tyler, the Creator)",Dawn FM (Alternate World),2022-01-07,N/A,3:29
Best Friends,Dawn FM (Alternate World),2022-01-07,N/A,2:43
Is There Someone Else?,Dawn FM (Alternate World),2022-01-07,N/A,3:19
Starry Eyes,Dawn FM (Alternate World),2022-01-07,N/A,2:28
Every Angel is Terrifying,Dawn FM (Alternate World),2022-01-07,N/A,2:47
Don’t Break My Heart,Dawn FM (Alternate World),2022-01-07,N/A,3:25
I Heard You're Married (feat. Lil Wayne),Dawn FM (Alternate World),2022-01-07,N/A,4:23
Less Than Zero,Dawn FM (Alternate World),2022-01-07,N/A,3:31
Phantom Regret by Jim,Dawn FM (Alternate World),2022-01-07,N/A,2:59
Take My Breath - Single Version,Dawn FM (Alternate World),2022-01-07,N/A,3:40
Sacrifice (Remix) (feat. Swedish House Mafia),Dawn FM (Alternate World),2022-01-07,N/A,3:58
Moth To A Flame (with The Weeknd),Dawn FM (Alternate World),2022-01-07,N/A,3:54
Dawn FM,Dawn FM (Alternate World),2022-01-07,N/A,1:36
Gasoline,Dawn FM (Alternate World),2022-01-07,N/A,3:32
How Do I Make You Love Me?,Dawn FM (Alternate World),2022-01-07,N/A,3:34
Take My Breath,Dawn FM (Alternate World),2022-01-07,N/A,5:39
Sacrifice,Dawn FM (Alternate World),2022-01-07,N/A,3:08
A Tale By Quincy,Dawn FM (Alternate World),2022-01-07,N/A,1:36
Out of Time,Dawn FM (Alternate World),2022-01-07,N/A,3:34
"Here We Go… Again (feat. Tyler, the Creator)",Dawn FM (Alternate World),2022-01-07,N/A,3:29
Best Friends,Dawn FM (Alternate World),2022-01-07,N/A,2:43
Is There Someone Else?,Dawn FM (Alternate World),2022-01-07,N/A,3:19
Starry Eyes,Dawn FM (Alternate World),2022-01-07,N/A,2:28
Every Angel is Terrifying,Dawn FM (Alternate World),2022-01-07,N/A,2:47
Don’t Break My Heart,Dawn FM (Alternate World),2022-01-07,N/A,3:25
I Heard You're Married (feat. Lil Wayne),Dawn FM (Alternate World),2022-01-07,N/A,4:23
Less Than Zero,Dawn FM (Alternate World),2022-01-07,N/A,3:31
Phantom Regret by Jim,Dawn FM (Alternate World),2022-01-07,N/A,2:59
Moth To A Flame (with The Weeknd),Dawn FM (Alternate World),2022-01-07,N/A,3:54
Dawn FM - OPN Remix,Dawn FM (Alternate World),2022-01-07,N/A,3:03
How Do I Make You Love Me? - Sebastian Ingrosso & Salvatore Ganacci Remix,Dawn FM (Alternate World),2022-01-07,N/A,3:37
Sacrifice (Remix) (feat. Swedish House Mafia),Dawn FM (Alternate World),2022-01-07,N/A,4:00
Out of Time - KAYTRANADA Remix,Dawn FM (Alternate World),2022-01-07,N/A,4:35
Best Friends - Remix,Dawn FM (Alternate World),2022-01-07,N/A,2:55
Starry Eyes - MIKE DEAN Remix,Dawn FM (Alternate World),2022-01-07,N/A,3:18
Take My Breath - Single Version,Dawn FM (Alternate World),2022-01-07,N/A,3:40
Dawn FM,Dawn FM,2022-01-07,N/A,1:36
Gasoline,Dawn FM,2022-01-07,N/A,3:32
How Do I Make You Love Me?,Dawn FM,2022-01-07,N/A,3:34
Take My Breath,Dawn FM,2022-01-07,N/A,5:39
Sacrifice,Dawn FM,2022-01-07,N/A,3:08
A Tale By Quincy,Dawn FM,2022-01-07,N/A,1:36
Out of Time,Dawn FM,2022-01-07,N/A,3:34
"Here We Go… Again (feat. Tyler, the Creator)",Dawn FM,2022-01-07,N/A,3:29
Best Friends,Dawn FM,2022-01-07,N/A,2:43
Is There Someone Else?,Dawn FM,2022-01-07,N/A,3:19
Starry Eyes,Dawn FM,2022-01-07,N/A,2:28
Every Angel is Terrifying,Dawn FM,2022-01-07,N/A,2:47
Don’t Break My Heart,Dawn FM,2022-01-07,N/A,3:25
I Heard You’re Married (feat. Lil Wayne),Dawn FM,2022-01-07,N/A,4:23
Less Than Zero,Dawn FM,2022-01-07,N/A,3:31
Phantom Regret by Jim,Dawn FM,2022-01-07,N/A,2:59
Dawn FM,Dawn FM,2022-01-06,N/A,1:36
Gasoline,Dawn FM,2022-01-06,N/A,3:32
How Do I Make You Love Me?,Dawn FM,2022-01-06,N/A,3:34
Take My Breath,Dawn FM,2022-01-06,N/A,5:39
Sacrifice,Dawn FM,2022-01-06,N/A,3:08
A Tale By Quincy,Dawn FM,2022-01-06,N/A,1:36
Out of Time,Dawn FM,2022-01-06,N/A,3:34
"Here We Go… Again (feat. Tyler, the Creator)",Dawn FM,2022-01-06,N/A,3:29
Best Friends,Dawn FM,2022-01-06,N/A,2:43
Is There Someone Else?,Dawn FM,2022-01-06,N/A,3:19
Starry Eyes,Dawn FM,2022-01-06,N/A,2:28
Every Angel is Terrifying,Dawn FM,2022-01-06,N/A,2:47
Don’t Break My Heart,Dawn FM,2022-01-06,N/A,3:25
I Heard You’re Married (feat. Lil Wayne),Dawn FM,2022-01-06,N/A,4:23
Less Than Zero,Dawn FM,2022-01-06,N/A,3:31
Phantom Regret by Jim,Dawn FM,2022-01-06,N/A,2:59
Alone Again,After Hours (Deluxe),2020-04-03,N/A,4:10
Too Late,After Hours (Deluxe),2020-04-03,N/A,3:59
Hardest To Love,After Hours (Deluxe),2020-04-03,N/A,3:31
Scared To Live,After Hours (Deluxe),2020-04-03,N/A,3:11
Snowchild,After Hours (Deluxe),2020-04-03,N/A,4:07
Escape From LA,After Hours (Deluxe),2020-04-03,N/A,5:55
Heartless,After Hours (Deluxe),2020-04-03,N/A,3:18
Faith,After Hours (Deluxe),2020-04-03,N/A,4:43
Blinding Lights,After Hours (Deluxe),2020-04-03,N/A,3:20
In Your Eyes,After Hours (Deluxe),2020-04-03,N/A,3:57
Save Your Tears,After Hours (Deluxe),2020-04-03,N/A,3:35
Repeat After Me (Interlude),After Hours (Deluxe),2020-04-03,N/A,3:15
After Hours,After Hours (Deluxe),2020-04-03,N/A,6:01
Until I Bleed Out,After Hours (Deluxe),2020-04-03,N/A,3:12
Nothing Compares - Bonus Track,After Hours (Deluxe),2020-04-03,N/A,3:42
Missed You - Bonus Track,After Hours (Deluxe),2020-04-03,N/A,2:24
Final Lullaby - Bonus Track,After Hours (Deluxe),2020-04-03,N/A,3:05
Alone Again,After Hours (Deluxe),2020-04-03,N/A,4:10
Too Late,After Hours (Deluxe),2020-04-03,N/A,3:59
Hardest To Love,After Hours (Deluxe),2020-04-03,N/A,3:31
Scared To Live,After Hours (Deluxe),2020-04-03,N/A,3:11
Snowchild,After Hours (Deluxe),2020-04-03,N/A,4:07
Escape From LA,After Hours (Deluxe),2020-04-03,N/A,5:55
Heartless,After Hours (Deluxe),2020-04-03,N/A,3:18
Faith,After Hours (Deluxe),2020-04-03,N/A,4:43
Blinding Lights,After Hours (Deluxe),2020-04-03,N/A,3:20
In Your Eyes,After Hours (Deluxe),2020-04-03,N/A,3:57
Save Your Tears,After Hours (Deluxe),2020-04-03,N/A,3:35
Repeat After Me (Interlude),After Hours (Deluxe),2020-04-03,N/A,3:15
After Hours,After Hours (Deluxe),2020-04-03,N/A,6:01
Until I Bleed Out,After Hours (Deluxe),2020-04-03,N/A,3:12
Nothing Compares - Bonus Track,After Hours (Deluxe),2020-04-03,N/A,3:42
Missed You - Bonus Track,After Hours (Deluxe),2020-04-03,N/A,2:24
Final Lullaby - Bonus Track,After Hours (Deluxe),2020-04-03,N/A,3:05
Alone Again,After Hours (Deluxe),2020-03-20,N/A,4:10
Too Late,After Hours (Deluxe),2020-03-20,N/A,3:59
Hardest To Love,After Hours (Deluxe),2020-03-20,N/A,3:31
Scared To Live,After Hours (Deluxe),2020-03-20,N/A,3:11
Snowchild,After Hours (Deluxe),2020-03-20,N/A,4:07
Escape From LA,After Hours (Deluxe),2020-03-20,N/A,5:55
Heartless,After Hours (Deluxe),2020-03-20,N/A,3:18
Faith,After Hours (Deluxe),2020-03-20,N/A,4:43
Blinding Lights,After Hours (Deluxe),2020-03-20,N/A,3:20
In Your Eyes,After Hours (Deluxe),2020-03-20,N/A,3:57
Save Your Tears,After Hours (Deluxe),2020-03-20,N/A,3:35
Repeat After Me (Interlude),After Hours (Deluxe),2020-03-20,N/A,3:15
After Hours,After Hours (Deluxe),2020-03-20,N/A,6:01
Until I Bleed Out,After Hours (Deluxe),2020-03-20,N/A,3:12
Nothing Compares - Bonus Track,After Hours (Deluxe),2020-03-20,N/A,3:42
Missed You - Bonus Track,After Hours (Deluxe),2020-03-20,N/A,2:24
Final Lullaby - Bonus Track,After Hours (Deluxe),2020-03-20,N/A,3:05
Save Your Tears (Remix) (with Ariana Grande) - Bonus Track,After Hours (Deluxe),2020-03-20,N/A,3:11
Alone Again,After Hours (Deluxe),2020-03-20,N/A,4:10
Too Late,After Hours (Deluxe),2020-03-20,N/A,3:59
Hardest To Love,After Hours (Deluxe),2020-03-20,N/A,3:31
Scared To Live,After Hours (Deluxe),2020-03-20,N/A,3:11
Snowchild,After Hours (Deluxe),2020-03-20,N/A,4:07
Escape From LA,After Hours (Deluxe),2020-03-20,N/A,5:55
Heartless,After Hours (Deluxe),2020-03-20,N/A,3:18
Faith,After Hours (Deluxe),2020-03-20,N/A,4:43
Blinding Lights,After Hours (Deluxe),2020-03-20,N/A,3:20
In Your Eyes,After Hours (Deluxe),2020-03-20,N/A,3:57
Save Your Tears,After Hours (Deluxe),2020-03-20,N/A,3:35
Repeat After Me (Interlude),After Hours (Deluxe),2020-03-20,N/A,3:15
After Hours,After Hours (Deluxe),2020-03-20,N/A,6:01
Until I Bleed Out,After Hours (Deluxe),2020-03-20,N/A,3:12
Nothing Compares - Bonus Track,After Hours (Deluxe),2020-03-20,N/A,3:42
Missed You - Bonus Track,After Hours (Deluxe),2020-03-20,N/A,2:24
Final Lullaby - Bonus Track,After Hours (Deluxe),2020-03-20,N/A,3:05
Save Your Tears (Remix) (with Ariana Grande) - Bonus Track,After Hours (Deluxe),2020-03-20,N/A,3:11
Alone Again,After Hours,2020-03-20,N/A,4:10
Too Late,After Hours,2020-03-20,N/A,3:59
Hardest To Love,After Hours,2020-03-20,N/A,3:31
Scared To Live,After Hours,2020-03-20,N/A,3:11
Snowchild,After Hours,2020-03-20,N/A,4:07
Escape From LA,After Hours,2020-03-20,N/A,5:55
Heartless,After Hours,2020-03-20,N/A,3:18
Faith,After Hours,2020-03-20,N/A,4:43
Blinding Lights,After Hours,2020-03-20,N/A,3:20
In Your Eyes,After Hours,2020-03-20,N/A,3:57
Save Your Tears,After Hours,2020-03-20,N/A,3:35
Repeat After Me (Interlude),After Hours,2020-03-20,N/A,3:15
After Hours,After Hours,2020-03-20,N/A,6:01
Until I Bleed Out,After Hours,2020-03-20,N/A,3:10
Alone Again,After Hours,2020-03-20,N/A,4:10
Too Late,After Hours,2020-03-20,N/A,3:59
Hardest To Love,After Hours,2020-03-20,N/A,3:31
Scared To Live,After Hours,2020-03-20,N/A,3:11
Snowchild,After Hours,2020-03-20,N/A,4:07
Escape From LA,After Hours,2020-03-20,N/A,5:55
Heartless,After Hours,2020-03-20,N/A,3:18
Faith,After Hours,2020-03-20,N/A,4:43
Blinding Lights,After Hours,2020-03-20,N/A,3:20
In Your Eyes,After Hours,2020-03-20,N/A,3:57
Save Your Tears,After Hours,2020-03-20,N/A,3:35
Repeat After Me (Interlude),After Hours,2020-03-20,N/A,3:15
After Hours,After Hours,2020-03-20,N/A,6:01
Until I Bleed Out,After Hours,2020-03-20,N/A,3:10
Call Out My Name,"My Dear Melancholy,",2018-03-30,N/A,3:48
Try Me,"My Dear Melancholy,",2018-03-30,N/A,3:41
Wasted Times,"My Dear Melancholy,",2018-03-30,N/A,3:40
I Was Never There,"My Dear Melancholy,",2018-03-30,N/A,4:01
Hurt You,"My Dear Melancholy,",2018-03-30,N/A,3:50
Privilege,"My Dear Melancholy,",2018-03-30,N/A,2:50
Call Out My Name - A Cappella,"My Dear Melancholy,",2018-03-30,N/A,3:44
Call Out My Name,"My Dear Melancholy,",2018-03-30,N/A,3:48
Try Me,"My Dear Melancholy,",2018-03-30,N/A,3:41
Wasted Times,"My Dear Melancholy,",2018-03-30,N/A,3:40
I Was Never There,"My Dear Melancholy,",2018-03-30,N/A,4:01
Hurt You,"My Dear Melancholy,",2018-03-30,N/A,3:50
Privilege,"My Dear Melancholy,",2018-03-30,N/A,2:50
Call Out My Name - A Cappella,"My Dear Melancholy,",2018-03-30,N/A,3:44
Starboy,Starboy,2016-11-25,N/A,3:50
Party Monster,Starboy,2016-11-25,N/A,4:09
False Alarm,Starboy,2016-11-25,N/A,3:40
Reminder,Starboy,2016-11-25,N/A,3:38
Rockin’,Starboy,2016-11-25,N/A,3:52
Secrets,Starboy,2016-11-25,N/A,4:25
True Colors,Starboy,2016-11-25,N/A,3:26
Stargirl Interlude,Starboy,2016-11-25,N/A,1:51
Sidewalks,Starboy,2016-11-25,N/A,3:51
Six Feet Under,Starboy,2016-11-25,N/A,3:57
Love To Lay,Starboy,2016-11-25,N/A,3:43
A Lonely Night,Starboy,2016-11-25,N/A,3:40
Attention,Starboy,2016-11-25,N/A,3:17
Ordinary Life,Starboy,2016-11-25,N/A,3:41
Nothing Without You,Starboy,2016-11-25,N/A,3:18
All I Know,Starboy,2016-11-25,N/A,5:21
Die For You,Starboy,2016-11-25,N/A,4:20
I Feel It Coming,Starboy,2016-11-25,N/A,4:29
Starboy,Starboy,2016-11-24,N/A,3:50
Party Monster,Starboy,2016-11-24,N/A,4:09
False Alarm,Starboy,2016-11-24,N/A,3:40
Reminder,Starboy,2016-11-24,N/A,3:38
Rockin’,Starboy,2016-11-24,N/A,3:52
Secrets,Starboy,2016-11-24,N/A,4:25
True Colors,Starboy,2016-11-24,N/A,3:26
Stargirl Interlude,Starboy,2016-11-24,N/A,1:51
Sidewalks,Starboy,2016-11-24,N/A,3:51
Six Feet Under,Starboy,2016-11-24,N/A,3:57
Love To Lay,Starboy,2016-11-24,N/A,3:43
A Lonely Night,Starboy,2016-11-24,N/A,3:40
Attention,Starboy,2016-11-24,N/A,3:17
Ordinary Life,Starboy,2016-11-24,N/A,3:41
Nothing Without You,Starboy,2016-11-24,N/A,3:18
All I Know,Starboy,2016-11-24,N/A,5:21
Die For You,Starboy,2016-11-24,N/A,4:20
I Feel It Coming,Starboy,2016-11-24,N/A,4:29
